artifact_id,scenario,lifecycle,artifact,path,status,owner,public_safe,table_title,evidence_class,confidence,source_or_validation
PUB-001,Case 01 — Retail backroom,Govern / Reference,Artifact Index — Retail Backroom Humanoid Deployment,scenarios/01-humanoid-retail-backroom/ARTIFACT_INDEX.md,Completed scenario evidence,Program Manager,Yes,Public artifact register,Derived calculation,High,Generated from the repository source inventory
PUB-002,Case 01 — Retail backroom,Govern / Reference,Basis of Estimate and Sensitivity — Retail Backroom Pilot,scenarios/01-humanoid-retail-backroom/BASIS_OF_ESTIMATE_AND_SENSITIVITY.md,Completed scenario evidence,Program Manager,Yes,Public artifact register,Derived calculation,High,Generated from the repository source inventory
PUB-003,Case 01 — Retail backroom,Plan / Control,Budget,scenarios/01-humanoid-retail-backroom/BUDGET.csv,Completed scenario evidence,Program Manager,Yes,Public artifact register,Derived calculation,High,Generated from the repository source inventory
PUB-004,Case 01 — Retail backroom,Initiate / Discover,Business Case and Total Cost of Ownership — Retail Backroom Humanoids,scenarios/01-humanoid-retail-backroom/BUSINESS_CASE_AND_TCO.md,Completed scenario evidence,Program Manager,Yes,Public artifact register,Derived calculation,High,Generated from the repository source inventory
PUB-005,Case 01 — Retail backroom,Initiate / Discover,Case Study 1 — Retail Backroom Humanoid Fulfillment,scenarios/01-humanoid-retail-backroom/CASE_STUDY.md,Completed scenario evidence,Program Manager,Yes,Public artifact register,Derived calculation,High,Generated from the repository source inventory
PUB-006,Case 01 — Retail backroom,Close / Learn,Closeout and Benefits Report — Retail Backroom Humanoid Pilot,scenarios/01-humanoid-retail-backroom/CLOSEOUT_AND_BENEFITS.md,Completed scenario evidence,Program Manager,Yes,Public artifact register,Derived calculation,High,Generated from the repository source inventory
PUB-007,Case 01 — Retail backroom,Execute / Deploy,Deployment Runbook — Retail Backroom Humanoid Pilot,scenarios/01-humanoid-retail-backroom/DEPLOYMENT_RUNBOOK.md,Completed scenario evidence,Program Manager,Yes,Public artifact register,Derived calculation,High,Generated from the repository source inventory
PUB-008,Case 01 — Retail backroom,Plan / Design,Integration and Data Plan — Retail Backroom Pilot,scenarios/01-humanoid-retail-backroom/INTEGRATION_AND_DATA_PLAN.md,Completed scenario evidence,Program Manager,Yes,Public artifact register,Derived calculation,High,Generated from the repository source inventory
PUB-009,Case 01 — Retail backroom,Close / Learn,Operations Handoff — Retail Backroom Pilot,scenarios/01-humanoid-retail-backroom/OPERATIONS_HANDOFF.md,Completed scenario evidence,Program Manager,Yes,Public artifact register,Derived calculation,High,Generated from the repository source inventory
PUB-010,Case 01 — Retail backroom,Initiate / Discover,Project Charter — Two Humanoids for Retail Backroom Fulfillment,scenarios/01-humanoid-retail-backroom/PROJECT_CHARTER.md,Completed scenario evidence,Program Manager,Yes,Public artifact register,Derived calculation,High,Generated from the repository source inventory
PUB-011,Case 01 — Retail backroom,Plan / Control,Raci,scenarios/01-humanoid-retail-backroom/RACI.csv,Completed scenario evidence,Program Manager,Yes,Public artifact register,Derived calculation,High,Generated from the repository source inventory
PUB-012,Case 01 — Retail backroom,Plan / Control,Raid,scenarios/01-humanoid-retail-backroom/RAID.csv,Completed scenario evidence,Program Manager,Yes,Public artifact register,Derived calculation,High,Generated from the repository source inventory
PUB-013,Case 01 — Retail backroom,Plan / Design,Requirements Traceability,scenarios/01-humanoid-retail-backroom/REQUIREMENTS_TRACEABILITY.csv,Completed scenario evidence,Program Manager,Yes,Public artifact register,Derived calculation,High,Generated from the repository source inventory
PUB-014,Case 01 — Retail backroom,Govern / Reference,Research and Assumptions — Retail Backroom Humanoid Pilot,scenarios/01-humanoid-retail-backroom/RESEARCH_AND_ASSUMPTIONS.md,Completed scenario evidence,Program Manager,Yes,Public artifact register,Derived calculation,High,Generated from the repository source inventory
PUB-015,Case 01 — Retail backroom,Assure / Validate,Safety and Acceptance Plan — Retail Backroom Humanoids,scenarios/01-humanoid-retail-backroom/SAFETY_AND_ACCEPTANCE.md,Completed scenario evidence,Program Manager,Yes,Public artifact register,Derived calculation,High,Generated from the repository source inventory
PUB-016,Case 01 — Retail backroom,Plan / Control,Schedule,scenarios/01-humanoid-retail-backroom/SCHEDULE.csv,Completed scenario evidence,Program Manager,Yes,Public artifact register,Derived calculation,High,Generated from the repository source inventory
PUB-017,Case 01 — Retail backroom,Plan / Design,Site Readiness Checklist — Meridian Store 214,scenarios/01-humanoid-retail-backroom/SITE_READINESS_CHECKLIST.md,Completed scenario evidence,Program Manager,Yes,Public artifact register,Derived calculation,High,Generated from the repository source inventory
PUB-018,Case 01 — Retail backroom,Initiate / Discover,Statement of Work — Retail Backroom Humanoid Pilot,scenarios/01-humanoid-retail-backroom/STATEMENT_OF_WORK.md,Completed scenario evidence,Program Manager,Yes,Public artifact register,Derived calculation,High,Generated from the repository source inventory
PUB-019,Case 01 — Retail backroom,Execute / Deploy,Training and Change Plan — Retail Backroom Pilot,scenarios/01-humanoid-retail-backroom/TRAINING_AND_CHANGE_PLAN.md,Completed scenario evidence,Program Manager,Yes,Public artifact register,Derived calculation,High,Generated from the repository source inventory
PUB-020,Case 01 — Retail backroom,Execute / Deploy,Weekly Status Report — Week 20 Closeout,scenarios/01-humanoid-retail-backroom/WEEKLY_STATUS_REPORT.md,Completed scenario evidence,Program Manager,Yes,Public artifact register,Derived calculation,High,Generated from the repository source inventory
PUB-021,Case 02 — Security,Govern / Reference,Artifact Index — Quadruped Night-Security Deployment,scenarios/02-quadruped-security-deployment/ARTIFACT_INDEX.md,Completed scenario evidence,Program Manager,Yes,Public artifact register,Derived calculation,High,Generated from the repository source inventory
PUB-022,Case 02 — Security,Govern / Reference,Basis of Estimate and Sensitivity — Quadruped Security,scenarios/02-quadruped-security-deployment/BASIS_OF_ESTIMATE_AND_SENSITIVITY.md,Completed scenario evidence,Program Manager,Yes,Public artifact register,Derived calculation,High,Generated from the repository source inventory
PUB-023,Case 02 — Security,Plan / Control,Budget,scenarios/02-quadruped-security-deployment/BUDGET.csv,Completed scenario evidence,Program Manager,Yes,Public artifact register,Derived calculation,High,Generated from the repository source inventory
PUB-024,Case 02 — Security,Initiate / Discover,Business Case and TCO (Total Cost of Ownership) — Quadruped Night Security,scenarios/02-quadruped-security-deployment/BUSINESS_CASE_AND_TCO.md,Completed scenario evidence,Program Manager,Yes,Public artifact register,Derived calculation,High,Generated from the repository source inventory
PUB-025,Case 02 — Security,Initiate / Discover,Case Study 2 — Three Quadrupeds for Night Security,scenarios/02-quadruped-security-deployment/CASE_STUDY.md,Completed scenario evidence,Program Manager,Yes,Public artifact register,Derived calculation,High,Generated from the repository source inventory
PUB-026,Case 02 — Security,Close / Learn,Closeout and Benefits — Quadruped Night Security,scenarios/02-quadruped-security-deployment/CLOSEOUT_AND_BENEFITS.md,Completed scenario evidence,Program Manager,Yes,Public artifact register,Derived calculation,High,Generated from the repository source inventory
PUB-027,Case 02 — Security,Operate / Support,Incident and Escalation Plan — Night Security,scenarios/02-quadruped-security-deployment/INCIDENT_AND_ESCALATION_PLAN.md,Completed scenario evidence,Program Manager,Yes,Public artifact register,Derived calculation,High,Generated from the repository source inventory
PUB-028,Case 02 — Security,Plan / Design,Integration and Data Plan — Night Security,scenarios/02-quadruped-security-deployment/INTEGRATION_AND_DATA_PLAN.md,Completed scenario evidence,Program Manager,Yes,Public artifact register,Derived calculation,High,Generated from the repository source inventory
PUB-029,Case 02 — Security,Execute / Deploy,Security Robotics Operations Runbook,scenarios/02-quadruped-security-deployment/OPERATIONS_RUNBOOK.md,Completed scenario evidence,Program Manager,Yes,Public artifact register,Derived calculation,High,Generated from the repository source inventory
PUB-030,Case 02 — Security,Assure / Validate,"Privacy, Safety, and Acceptance",scenarios/02-quadruped-security-deployment/PRIVACY_SAFETY_ACCEPTANCE.md,Completed scenario evidence,Program Manager,Yes,Public artifact register,Derived calculation,High,Generated from the repository source inventory
PUB-031,Case 02 — Security,Execute / Deploy,Project and Deployment Plan,scenarios/02-quadruped-security-deployment/PROJECT_AND_DEPLOYMENT_PLAN.md,Completed scenario evidence,Program Manager,Yes,Public artifact register,Derived calculation,High,Generated from the repository source inventory
PUB-032,Case 02 — Security,Plan / Control,Raci,scenarios/02-quadruped-security-deployment/RACI.csv,Completed scenario evidence,Program Manager,Yes,Public artifact register,Derived calculation,High,Generated from the repository source inventory
PUB-033,Case 02 — Security,Plan / Control,Raid,scenarios/02-quadruped-security-deployment/RAID.csv,Completed scenario evidence,Program Manager,Yes,Public artifact register,Derived calculation,High,Generated from the repository source inventory
PUB-034,Case 02 — Security,Plan / Design,Requirements Traceability,scenarios/02-quadruped-security-deployment/REQUIREMENTS_TRACEABILITY.csv,Completed scenario evidence,Program Manager,Yes,Public artifact register,Derived calculation,High,Generated from the repository source inventory
PUB-035,Case 02 — Security,Govern / Reference,Research and Assumptions — Quadruped Night Security,scenarios/02-quadruped-security-deployment/RESEARCH_AND_ASSUMPTIONS.md,Completed scenario evidence,Program Manager,Yes,Public artifact register,Derived calculation,High,Generated from the repository source inventory
PUB-036,Case 02 — Security,Plan / Control,Schedule,scenarios/02-quadruped-security-deployment/SCHEDULE.csv,Completed scenario evidence,Program Manager,Yes,Public artifact register,Derived calculation,High,Generated from the repository source inventory
PUB-037,Case 02 — Security,Plan / Design,Site Readiness Checklist — Night Security,scenarios/02-quadruped-security-deployment/SITE_READINESS_CHECKLIST.md,Completed scenario evidence,Program Manager,Yes,Public artifact register,Derived calculation,High,Generated from the repository source inventory
PUB-038,Case 02 — Security,Initiate / Discover,Statement of Work — Three-Quadruped Security Deployment,scenarios/02-quadruped-security-deployment/STATEMENT_OF_WORK.md,Completed scenario evidence,Program Manager,Yes,Public artifact register,Derived calculation,High,Generated from the repository source inventory
PUB-039,Case 02 — Security,Execute / Deploy,Training and Change Plan — Night Security,scenarios/02-quadruped-security-deployment/TRAINING_AND_CHANGE_PLAN.md,Completed scenario evidence,Program Manager,Yes,Public artifact register,Derived calculation,High,Generated from the repository source inventory
PUB-040,Case 02 — Security,Execute / Deploy,Weekly Status Report — Quadruped Deployment,scenarios/02-quadruped-security-deployment/WEEKLY_STATUS_REPORT.md,Completed scenario evidence,Program Manager,Yes,Public artifact register,Derived calculation,High,Generated from the repository source inventory
PUB-041,Case 03 — Open-source RaaS productization,Govern / Reference,Artifact Index - Open-Source Quadruped RaaS Productization,scenarios/03-open-source-quadruped-raas-productization/ARTIFACT_INDEX.md,Completed scenario evidence,Program Manager,Yes,Public artifact register,Derived calculation,High,Generated from the repository source inventory
PUB-042,Case 03 — Open-source RaaS productization,Govern / Reference,Basis of Estimate and Sensitivity - OpenQuad RaaS,scenarios/03-open-source-quadruped-raas-productization/BASIS_OF_ESTIMATE_AND_SENSITIVITY.md,Completed scenario evidence,Program Manager,Yes,Public artifact register,Derived calculation,High,Generated from the repository source inventory
PUB-043,Case 03 — Open-source RaaS productization,Plan / Control,Budget And Headcount,scenarios/03-open-source-quadruped-raas-productization/BUDGET_AND_HEADCOUNT.csv,Completed scenario evidence,Program Manager,Yes,Public artifact register,Derived calculation,High,Generated from the repository source inventory
PUB-044,Case 03 — Open-source RaaS productization,Initiate / Discover,Business Case - Open-Source Quadruped RaaS Productization,scenarios/03-open-source-quadruped-raas-productization/BUSINESS_CASE.md,Completed scenario evidence,Program Manager,Yes,Public artifact register,Derived calculation,High,Generated from the repository source inventory
PUB-045,Case 03 — Open-source RaaS productization,Initiate / Discover,Case Study - Open-Source Quadruped to Supported RaaS,scenarios/03-open-source-quadruped-raas-productization/CASE_STUDY.md,Completed scenario evidence,Program Manager,Yes,Public artifact register,Derived calculation,High,Generated from the repository source inventory
PUB-046,Case 03 — Open-source RaaS productization,Close / Learn,Closeout and Lessons - OpenQuad RaaS Productization,scenarios/03-open-source-quadruped-raas-productization/CLOSEOUT_AND_LESSONS.md,Completed scenario evidence,Program Manager,Yes,Public artifact register,Derived calculation,High,Generated from the repository source inventory
PUB-047,Case 03 — Open-source RaaS productization,Govern / Reference,Commercial Launch Plan - OpenQuad RaaS,scenarios/03-open-source-quadruped-raas-productization/COMMERCIAL_LAUNCH_PLAN.md,Completed scenario evidence,Program Manager,Yes,Public artifact register,Derived calculation,High,Generated from the repository source inventory
PUB-048,Case 03 — Open-source RaaS productization,Initiate / Discover,Customer Discovery Plan - Managed Research Quadrupeds,scenarios/03-open-source-quadruped-raas-productization/CUSTOMER_DISCOVERY_PLAN.md,Completed scenario evidence,Program Manager,Yes,Public artifact register,Derived calculation,High,Generated from the repository source inventory
PUB-049,Case 03 — Open-source RaaS productization,Govern / Reference,First Customer Launch - OpenQuad RaaS,scenarios/03-open-source-quadruped-raas-productization/FIRST_CUSTOMER_LAUNCH.md,Completed scenario evidence,Program Manager,Yes,Public artifact register,Derived calculation,High,Generated from the repository source inventory
PUB-050,Case 03 — Open-source RaaS productization,Govern / Reference,NPI Stage-Gate Plan - OpenQuad RaaS,scenarios/03-open-source-quadruped-raas-productization/NPI_STAGE_GATE_PLAN.md,Completed scenario evidence,Program Manager,Yes,Public artifact register,Derived calculation,High,Generated from the repository source inventory
PUB-051,Case 03 — Open-source RaaS productization,Govern / Reference,Open-Source Compliance and SBOM Plan,scenarios/03-open-source-quadruped-raas-productization/OPEN_SOURCE_COMPLIANCE_AND_SBOM.md,Completed scenario evidence,Program Manager,Yes,Public artifact register,Derived calculation,High,Generated from the repository source inventory
PUB-052,Case 03 — Open-source RaaS productization,Plan / Design,OpenQuad Managed Lab Product Brief and Product Requirements Document,scenarios/03-open-source-quadruped-raas-productization/PRODUCT_BRIEF_AND_PRD.md,Completed scenario evidence,Program Manager,Yes,Public artifact register,Derived calculation,High,Generated from the repository source inventory
PUB-053,Case 03 — Open-source RaaS productization,Plan / Design,Product Roadmap - OpenQuad Managed Lab,scenarios/03-open-source-quadruped-raas-productization/PRODUCT_ROADMAP.md,Completed scenario evidence,Program Manager,Yes,Public artifact register,Derived calculation,High,Generated from the repository source inventory
PUB-054,Case 03 — Open-source RaaS productization,Operate / Support,RaaS Service Design - OpenQuad Managed Lab,scenarios/03-open-source-quadruped-raas-productization/RAAS_SERVICE_DESIGN.md,Completed scenario evidence,Program Manager,Yes,Public artifact register,Derived calculation,High,Generated from the repository source inventory
PUB-055,Case 03 — Open-source RaaS productization,Plan / Control,Raci,scenarios/03-open-source-quadruped-raas-productization/RACI.csv,Completed scenario evidence,Program Manager,Yes,Public artifact register,Derived calculation,High,Generated from the repository source inventory
PUB-056,Case 03 — Open-source RaaS productization,Plan / Control,Raid,scenarios/03-open-source-quadruped-raas-productization/RAID.csv,Completed scenario evidence,Program Manager,Yes,Public artifact register,Derived calculation,High,Generated from the repository source inventory
PUB-057,Case 03 — Open-source RaaS productization,Operate / Support,Reliability and Serviceability Plan - OpenQuad RaaS,scenarios/03-open-source-quadruped-raas-productization/RELIABILITY_SERVICEABILITY_PLAN.md,Completed scenario evidence,Program Manager,Yes,Public artifact register,Derived calculation,High,Generated from the repository source inventory
PUB-058,Case 03 — Open-source RaaS productization,Govern / Reference,Research and Assumptions - Open-Source Quadruped Productization,scenarios/03-open-source-quadruped-raas-productization/RESEARCH_AND_ASSUMPTIONS.md,Completed scenario evidence,Program Manager,Yes,Public artifact register,Derived calculation,High,Generated from the repository source inventory
PUB-059,Case 03 — Open-source RaaS productization,Plan / Control,Schedule,scenarios/03-open-source-quadruped-raas-productization/SCHEDULE.csv,Completed scenario evidence,Program Manager,Yes,Public artifact register,Derived calculation,High,Generated from the repository source inventory
PUB-060,Case 03 — Open-source RaaS productization,Plan / Control,Supplier and Manufacturing Readiness - OpenQuad RaaS,scenarios/03-open-source-quadruped-raas-productization/SUPPLIER_MANUFACTURING_READINESS.md,Completed scenario evidence,Program Manager,Yes,Public artifact register,Derived calculation,High,Generated from the repository source inventory
PUB-061,Case 03 — Open-source RaaS productization,Plan / Design,System Requirements Traceability,scenarios/03-open-source-quadruped-raas-productization/SYSTEM_REQUIREMENTS_TRACEABILITY.csv,Completed scenario evidence,Program Manager,Yes,Public artifact register,Derived calculation,High,Generated from the repository source inventory
PUB-062,Case 03 — Open-source RaaS productization,Assure / Validate,Verification and Validation - OpenQuad RaaS,scenarios/03-open-source-quadruped-raas-productization/VERIFICATION_VALIDATION.md,Completed scenario evidence,Program Manager,Yes,Public artifact register,Derived calculation,High,Generated from the repository source inventory
PUB-063,Case 03 — Open-source RaaS productization,Execute / Deploy,Weekly Status Report - OpenQuad Productization Closeout,scenarios/03-open-source-quadruped-raas-productization/WEEKLY_STATUS_REPORT.md,Completed scenario evidence,Program Manager,Yes,Public artifact register,Derived calculation,High,Generated from the repository source inventory
PUB-064,Case 04 — Support,Govern / Reference,Artifact Index — Robotics Support Operations,scenarios/04-robotics-support-operations/ARTIFACT_INDEX.md,Completed scenario evidence,Program Manager,Yes,Public artifact register,Derived calculation,High,Generated from the repository source inventory
PUB-065,Case 04 — Support,Govern / Reference,Basis of Estimate and Sensitivity — Robotics Support Operations,scenarios/04-robotics-support-operations/BASIS_OF_ESTIMATE_AND_SENSITIVITY.md,Completed scenario evidence,Program Manager,Yes,Public artifact register,Derived calculation,High,Generated from the repository source inventory
PUB-066,Case 04 — Support,Plan / Control,Budget,scenarios/04-robotics-support-operations/BUDGET.csv,Completed scenario evidence,Program Manager,Yes,Public artifact register,Derived calculation,High,Generated from the repository source inventory
PUB-067,Case 04 — Support,Operate / Support,Business Continuity — Robotics Support,scenarios/04-robotics-support-operations/BUSINESS_CONTINUITY.md,Completed scenario evidence,Program Manager,Yes,Public artifact register,Derived calculation,High,Generated from the repository source inventory
PUB-068,Case 04 — Support,Initiate / Discover,Case Study 4 — Build Robotics Support Operations,scenarios/04-robotics-support-operations/CASE_STUDY.md,Completed scenario evidence,Program Manager,Yes,Public artifact register,Derived calculation,High,Generated from the repository source inventory
PUB-069,Case 04 — Support,Plan / Design,Closeout and Maturity Roadmap — Robotics Support,scenarios/04-robotics-support-operations/CLOSEOUT_AND_MATURITY_ROADMAP.md,Completed scenario evidence,Program Manager,Yes,Public artifact register,Derived calculation,High,Generated from the repository source inventory
PUB-070,Case 04 — Support,Execute / Deploy,Customer Communications — Robotics Support,scenarios/04-robotics-support-operations/CUSTOMER_COMMUNICATIONS.md,Completed scenario evidence,Program Manager,Yes,Public artifact register,Derived calculation,High,Generated from the repository source inventory
PUB-071,Case 04 — Support,Execute / Deploy,Diagnostic and Troubleshooting Runbook,scenarios/04-robotics-support-operations/DIAGNOSTIC_RUNBOOK.md,Completed scenario evidence,Program Manager,Yes,Public artifact register,Derived calculation,High,Generated from the repository source inventory
PUB-072,Case 04 — Support,Govern / Reference,Implementation Backlog,scenarios/04-robotics-support-operations/IMPLEMENTATION_BACKLOG.csv,Completed scenario evidence,Program Manager,Yes,Public artifact register,Derived calculation,High,Generated from the repository source inventory
PUB-073,Case 04 — Support,Operate / Support,"Incident, Problem, and Change Management",scenarios/04-robotics-support-operations/INCIDENT_PROBLEM_CHANGE.md,Completed scenario evidence,Program Manager,Yes,Public artifact register,Derived calculation,High,Generated from the repository source inventory
PUB-074,Case 04 — Support,Operate / Support,Knowledge Management — Robotics Support,scenarios/04-robotics-support-operations/KNOWLEDGE_MANAGEMENT.md,Completed scenario evidence,Program Manager,Yes,Public artifact register,Derived calculation,High,Generated from the repository source inventory
PUB-075,Case 04 — Support,Govern / Reference,Robotics Service KPI Scorecard,scenarios/04-robotics-support-operations/KPI_SCORECARD.md,Completed scenario evidence,Program Manager,Yes,Public artifact register,Derived calculation,High,Generated from the repository source inventory
PUB-076,Case 04 — Support,Operate / Support,Observability and Data Plan — Robotics Support,scenarios/04-robotics-support-operations/OBSERVABILITY_AND_DATA_PLAN.md,Completed scenario evidence,Program Manager,Yes,Public artifact register,Derived calculation,High,Generated from the repository source inventory
PUB-077,Case 04 — Support,Govern / Reference,Operating Baseline and Cost Assumptions — Robotics Support,scenarios/04-robotics-support-operations/OPERATING_BASELINE_AND_COST_ASSUMPTIONS.md,Completed scenario evidence,Program Manager,Yes,Public artifact register,Derived calculation,High,Generated from the repository source inventory
PUB-078,Case 04 — Support,Govern / Reference,Robotics Support Operating Model,scenarios/04-robotics-support-operations/OPERATING_MODEL.md,Completed scenario evidence,Program Manager,Yes,Public artifact register,Derived calculation,High,Generated from the repository source inventory
PUB-079,Case 04 — Support,Plan / Control,Raci,scenarios/04-robotics-support-operations/RACI.csv,Completed scenario evidence,Program Manager,Yes,Public artifact register,Derived calculation,High,Generated from the repository source inventory
PUB-080,Case 04 — Support,Operate / Support,"RMA, Parts, and Field Service Process",scenarios/04-robotics-support-operations/RMA_AND_PARTS.md,Completed scenario evidence,Program Manager,Yes,Public artifact register,Derived calculation,High,Generated from the repository source inventory
PUB-081,Case 04 — Support,Assure / Validate,Security and Remote Access — Robotics Support,scenarios/04-robotics-support-operations/SECURITY_AND_REMOTE_ACCESS.md,Completed scenario evidence,Program Manager,Yes,Public artifact register,Derived calculation,High,Generated from the repository source inventory
PUB-082,Case 04 — Support,Operate / Support,Robotics Service Catalog,scenarios/04-robotics-support-operations/SERVICE_CATALOG.md,Completed scenario evidence,Program Manager,Yes,Public artifact register,Derived calculation,High,Generated from the repository source inventory
PUB-083,Case 04 — Support,Govern / Reference,Severity and Service Targets,scenarios/04-robotics-support-operations/SEVERITY_SLA.md,Completed scenario evidence,Program Manager,Yes,Public artifact register,Derived calculation,High,Generated from the repository source inventory
PUB-084,Case 04 — Support,Govern / Reference,Staffing and Capacity Plan — Robotics Support,scenarios/04-robotics-support-operations/STAFFING_AND_CAPACITY_PLAN.md,Completed scenario evidence,Program Manager,Yes,Public artifact register,Derived calculation,High,Generated from the repository source inventory
PUB-085,Case 04 — Support,Operate / Support,Support Readiness Gate,scenarios/04-robotics-support-operations/SUPPORT_READINESS_CHECKLIST.md,Completed scenario evidence,Program Manager,Yes,Public artifact register,Derived calculation,High,Generated from the repository source inventory
PUB-086,Case 04 — Support,Govern / Reference,Tool Selection and Cost Model — Robotics Support,scenarios/04-robotics-support-operations/TOOL_SELECTION_AND_COST.md,Completed scenario evidence,Program Manager,Yes,Public artifact register,Derived calculation,High,Generated from the repository source inventory
PUB-087,Case 04 — Support,Execute / Deploy,Final Status Report — Support Operations Build,scenarios/04-robotics-support-operations/WEEKLY_STATUS_REPORT.md,Completed scenario evidence,Program Manager,Yes,Public artifact register,Derived calculation,High,Generated from the repository source inventory
PUB-088,Case 05 — Airport restroom,Plan / Design,24-Hour Humanoid Opportunity Roadmap,scenarios/05-airport-restroom-humanoid-deployment/24_HOUR_HUMANOID_OPPORTUNITY_ROADMAP.md,Completed scenario evidence,Program Manager,Yes,Public artifact register,Derived calculation,High,Generated from the repository source inventory
PUB-089,Case 05 — Airport restroom,Govern / Reference,Airport Owner / Operator Implementation Plan,scenarios/05-airport-restroom-humanoid-deployment/AIRPORT_OWNER_IMPLEMENTATION_PLAN.md,Completed scenario evidence,Program Manager,Yes,Public artifact register,Derived calculation,High,Generated from the repository source inventory
PUB-090,Case 05 — Airport restroom,Govern / Reference,Artifact Index — Airport Restroom Humanoid Pilot,scenarios/05-airport-restroom-humanoid-deployment/ARTIFACT_INDEX.md,Completed scenario evidence,Program Manager,Yes,Public artifact register,Derived calculation,High,Generated from the repository source inventory
PUB-091,Case 05 — Airport restroom,Govern / Reference,Basis of Estimate and Sensitivity,scenarios/05-airport-restroom-humanoid-deployment/BASIS_OF_ESTIMATE_AND_SENSITIVITY.md,Completed scenario evidence,Program Manager,Yes,Public artifact register,Derived calculation,High,Generated from the repository source inventory
PUB-092,Case 05 — Airport restroom,Close / Learn,Benefits Realization Plan,scenarios/05-airport-restroom-humanoid-deployment/BENEFITS_REALIZATION_PLAN.md,Completed scenario evidence,Program Manager,Yes,Public artifact register,Derived calculation,High,Generated from the repository source inventory
PUB-093,Case 05 — Airport restroom,Plan / Control,Budget,scenarios/05-airport-restroom-humanoid-deployment/BUDGET.csv,Completed scenario evidence,Program Manager,Yes,Public artifact register,Derived calculation,High,Generated from the repository source inventory
PUB-094,Case 05 — Airport restroom,Initiate / Discover,Business Case and Total Cost of Ownership,scenarios/05-airport-restroom-humanoid-deployment/BUSINESS_CASE_AND_TCO.md,Completed scenario evidence,Program Manager,Yes,Public artifact register,Derived calculation,High,Generated from the repository source inventory
PUB-095,Case 05 — Airport restroom,Initiate / Discover,Case 05 — Airport Restroom Humanoid Cleaning Pilot,scenarios/05-airport-restroom-humanoid-deployment/CASE_STUDY.md,Completed scenario evidence,Program Manager,Yes,Public artifact register,Derived calculation,High,Generated from the repository source inventory
PUB-096,Case 05 — Airport restroom,Close / Learn,Closeout and Handoff — Airport Restroom Humanoid Pilot,scenarios/05-airport-restroom-humanoid-deployment/CLOSEOUT_AND_HANDOFF.md,Completed scenario evidence,Program Manager,Yes,Public artifact register,Derived calculation,High,Generated from the repository source inventory
PUB-097,Case 05 — Airport restroom,Assure / Validate,"Cybersecurity, Privacy, and Data Plan",scenarios/05-airport-restroom-humanoid-deployment/CYBERSECURITY_PRIVACY_AND_DATA_PLAN.md,Completed scenario evidence,Program Manager,Yes,Public artifact register,Derived calculation,High,Generated from the repository source inventory
PUB-098,Case 05 — Airport restroom,Execute / Deploy,Daily Operations and Exception Runbook,scenarios/05-airport-restroom-humanoid-deployment/DAILY_OPERATIONS_AND_EXCEPTION_RUNBOOK.md,Completed scenario evidence,Program Manager,Yes,Public artifact register,Derived calculation,High,Generated from the repository source inventory
PUB-099,Case 05 — Airport restroom,Plan / Control,Integrated Master Schedule,scenarios/05-airport-restroom-humanoid-deployment/INTEGRATED_MASTER_SCHEDULE.csv,Completed scenario evidence,Program Manager,Yes,Public artifact register,Derived calculation,High,Generated from the repository source inventory
PUB-100,Case 05 — Airport restroom,Initiate / Discover,Integrated Program Charter — Airport Restroom Humanoid Pilot,scenarios/05-airport-restroom-humanoid-deployment/INTEGRATED_PROGRAM_CHARTER.md,Completed scenario evidence,Program Manager,Yes,Public artifact register,Derived calculation,High,Generated from the repository source inventory
PUB-101,Case 05 — Airport restroom,Govern / Reference,Manufacturer Project Manager Plan,scenarios/05-airport-restroom-humanoid-deployment/MANUFACTURER_PROJECT_PLAN.md,Completed scenario evidence,Program Manager,Yes,Public artifact register,Derived calculation,High,Generated from the repository source inventory
PUB-102,Case 05 — Airport restroom,Govern / Reference,Phase 2 24-Hour Operating Plan,scenarios/05-airport-restroom-humanoid-deployment/PHASE_2_24_HOUR_OPERATING_PLAN.md,Completed scenario evidence,Program Manager,Yes,Public artifact register,Derived calculation,High,Generated from the repository source inventory
PUB-103,Case 05 — Airport restroom,Initiate / Discover,Phase 2 Robotics-as-a-Service Expansion Business Case,scenarios/05-airport-restroom-humanoid-deployment/PHASE_2_RAAS_EXPANSION_BUSINESS_CASE.md,Completed scenario evidence,Program Manager,Yes,Public artifact register,Derived calculation,High,Generated from the repository source inventory
PUB-104,Case 05 — Airport restroom,Govern / Reference,Robotics-as-a-Service Pricing and Unit Economics,scenarios/05-airport-restroom-humanoid-deployment/RAAS_PRICING_AND_UNIT_ECONOMICS.md,Completed scenario evidence,Program Manager,Yes,Public artifact register,Derived calculation,High,Generated from the repository source inventory
PUB-105,Case 05 — Airport restroom,Plan / Control,Raci,scenarios/05-airport-restroom-humanoid-deployment/RACI.csv,Completed scenario evidence,Program Manager,Yes,Public artifact register,Derived calculation,High,Generated from the repository source inventory
PUB-106,Case 05 — Airport restroom,Plan / Control,Raid,scenarios/05-airport-restroom-humanoid-deployment/RAID.csv,Completed scenario evidence,Program Manager,Yes,Public artifact register,Derived calculation,High,Generated from the repository source inventory
PUB-107,Case 05 — Airport restroom,Plan / Design,Requirements Traceability,scenarios/05-airport-restroom-humanoid-deployment/REQUIREMENTS_TRACEABILITY.csv,Completed scenario evidence,Program Manager,Yes,Public artifact register,Derived calculation,High,Generated from the repository source inventory
PUB-108,Case 05 — Airport restroom,Govern / Reference,Research and Assumptions — Airport Restroom Humanoid Pilot,scenarios/05-airport-restroom-humanoid-deployment/RESEARCH_AND_ASSUMPTIONS.md,Completed scenario evidence,Program Manager,Yes,Public artifact register,Derived calculation,High,Generated from the repository source inventory
PUB-109,Case 05 — Airport restroom,Assure / Validate,"Safety, Quality, and Acceptance Plan",scenarios/05-airport-restroom-humanoid-deployment/SAFETY_QUALITY_AND_ACCEPTANCE_PLAN.md,Completed scenario evidence,Program Manager,Yes,Public artifact register,Derived calculation,High,Generated from the repository source inventory
PUB-110,Case 05 — Airport restroom,Govern / Reference,Seller / Integrator Project Manager Plan,scenarios/05-airport-restroom-humanoid-deployment/SELLER_INTEGRATOR_PROJECT_PLAN.md,Completed scenario evidence,Program Manager,Yes,Public artifact register,Derived calculation,High,Generated from the repository source inventory
PUB-111,Case 05 — Airport restroom,Initiate / Discover,Statement of Work — Seller and System Integrator,scenarios/05-airport-restroom-humanoid-deployment/STATEMENT_OF_WORK.md,Completed scenario evidence,Program Manager,Yes,Public artifact register,Derived calculation,High,Generated from the repository source inventory
PUB-112,Case 05 — Airport restroom,Execute / Deploy,"Training, Change, and Workforce Plan",scenarios/05-airport-restroom-humanoid-deployment/TRAINING_CHANGE_AND_WORKFORCE_PLAN.md,Completed scenario evidence,Program Manager,Yes,Public artifact register,Derived calculation,High,Generated from the repository source inventory
PUB-113,Case 05 — Airport restroom,Execute / Deploy,Weekly Status Report — Week 28 / Final,scenarios/05-airport-restroom-humanoid-deployment/WEEKLY_STATUS_REPORT.md,Completed scenario evidence,Program Manager,Yes,Public artifact register,Derived calculation,High,Generated from the repository source inventory
PUB-114,Enterprise hardware refresh — Hybrid,Govern / Reference,Hardware Hybrid Playbook Artifact Index,enterprise-programs/02-hardware-refresh/hybrid/ARTIFACT_INDEX.md,Completed scenario evidence,Program Manager,Yes,Public artifact register,Derived calculation,High,Generated from the repository source inventory
PUB-115,Enterprise hardware refresh — Hybrid,Execute / Deploy,Hardware Hybrid Executive Status — Illustrative Checkpoint,enterprise-programs/02-hardware-refresh/hybrid/EXECUTIVE_STATUS.md,Completed scenario evidence,Program Manager,Yes,Public artifact register,Derived calculation,High,Generated from the repository source inventory
PUB-116,Enterprise hardware refresh — Hybrid,Govern / Reference,Hybrid Metrics,enterprise-programs/02-hardware-refresh/hybrid/HYBRID_METRICS.csv,Completed scenario evidence,Program Manager,Yes,Public artifact register,Derived calculation,High,Generated from the repository source inventory
PUB-117,Enterprise hardware refresh — Hybrid,Govern / Reference,Hardware Hybrid Integrated Governance and Decision Matrix,enterprise-programs/02-hardware-refresh/hybrid/INTEGRATED_GOVERNANCE.md,Completed scenario evidence,Program Manager,Yes,Public artifact register,Derived calculation,High,Generated from the repository source inventory
PUB-118,Enterprise hardware refresh — Hybrid,Govern / Reference,Integrated Plan,enterprise-programs/02-hardware-refresh/hybrid/INTEGRATED_PLAN.csv,Completed scenario evidence,Program Manager,Yes,Public artifact register,Derived calculation,High,Generated from the repository source inventory
PUB-119,Enterprise hardware refresh — Hybrid,Govern / Reference,Enterprise Hardware Refresh — Hybrid Playbook,enterprise-programs/02-hardware-refresh/hybrid/PLAYBOOK.md,Completed scenario evidence,Program Manager,Yes,Public artifact register,Derived calculation,High,Generated from the repository source inventory
PUB-120,Enterprise hardware refresh — Hybrid,Govern / Reference,Hardware Hybrid Rolling-Wave and Flow Plan,enterprise-programs/02-hardware-refresh/hybrid/ROLLING_WAVE_AND_FLOW_PLAN.md,Completed scenario evidence,Program Manager,Yes,Public artifact register,Derived calculation,High,Generated from the repository source inventory
PUB-121,Enterprise hardware refresh — Kanban,Govern / Reference,Hardware Kanban Playbook Artifact Index,enterprise-programs/02-hardware-refresh/kanban/ARTIFACT_INDEX.md,Completed scenario evidence,Program Manager,Yes,Public artifact register,Derived calculation,High,Generated from the repository source inventory
PUB-122,Enterprise hardware refresh — Kanban,Execute / Deploy,Hardware Kanban Executive Status — Illustrative Checkpoint,enterprise-programs/02-hardware-refresh/kanban/EXECUTIVE_STATUS.md,Completed scenario evidence,Program Manager,Yes,Public artifact register,Derived calculation,High,Generated from the repository source inventory
PUB-123,Enterprise hardware refresh — Kanban,Govern / Reference,Hardware Kanban Explicit Policies and Service-Level Expectations,enterprise-programs/02-hardware-refresh/kanban/EXPLICIT_POLICIES.md,Completed scenario evidence,Program Manager,Yes,Public artifact register,Derived calculation,High,Generated from the repository source inventory
PUB-124,Enterprise hardware refresh — Kanban,Govern / Reference,Flow Metrics,enterprise-programs/02-hardware-refresh/kanban/FLOW_METRICS.csv,Completed scenario evidence,Program Manager,Yes,Public artifact register,Derived calculation,High,Generated from the repository source inventory
PUB-125,Enterprise hardware refresh — Kanban,Govern / Reference,Kanban Board,enterprise-programs/02-hardware-refresh/kanban/KANBAN_BOARD.csv,Completed scenario evidence,Program Manager,Yes,Public artifact register,Derived calculation,High,Generated from the repository source inventory
PUB-126,Enterprise hardware refresh — Kanban,Govern / Reference,Enterprise Hardware Refresh — Kanban Playbook,enterprise-programs/02-hardware-refresh/kanban/PLAYBOOK.md,Completed scenario evidence,Program Manager,Yes,Public artifact register,Derived calculation,High,Generated from the repository source inventory
PUB-127,Enterprise hardware refresh — Kanban,Operate / Support,Hardware Kanban Service Delivery Review,enterprise-programs/02-hardware-refresh/kanban/SERVICE_DELIVERY_REVIEW.md,Completed scenario evidence,Program Manager,Yes,Public artifact register,Derived calculation,High,Generated from the repository source inventory
PUB-128,Enterprise hardware refresh — Predictive / Waterfall,Govern / Reference,Hardware Predictive Playbook Artifact Index,enterprise-programs/02-hardware-refresh/predictive/ARTIFACT_INDEX.md,Completed scenario evidence,Program Manager,Yes,Public artifact register,Derived calculation,High,Generated from the repository source inventory
PUB-129,Enterprise hardware refresh — Predictive / Waterfall,Govern / Reference,Earned Value,enterprise-programs/02-hardware-refresh/predictive/EARNED_VALUE.csv,Completed scenario evidence,Program Manager,Yes,Public artifact register,Derived calculation,High,Generated from the repository source inventory
PUB-130,Enterprise hardware refresh — Predictive / Waterfall,Execute / Deploy,Hardware Predictive Executive Status — Illustrative Checkpoint,enterprise-programs/02-hardware-refresh/predictive/EXECUTIVE_STATUS.md,Completed scenario evidence,Program Manager,Yes,Public artifact register,Derived calculation,High,Generated from the repository source inventory
PUB-131,Enterprise hardware refresh — Predictive / Waterfall,Plan / Control,Integrated Master Schedule,enterprise-programs/02-hardware-refresh/predictive/INTEGRATED_MASTER_SCHEDULE.csv,Completed scenario evidence,Program Manager,Yes,Public artifact register,Derived calculation,High,Generated from the repository source inventory
PUB-132,Enterprise hardware refresh — Predictive / Waterfall,Govern / Reference,Enterprise Hardware Refresh — Predictive / Waterfall Playbook,enterprise-programs/02-hardware-refresh/predictive/PLAYBOOK.md,Completed scenario evidence,Program Manager,Yes,Public artifact register,Derived calculation,High,Generated from the repository source inventory
PUB-133,Enterprise hardware refresh — Predictive / Waterfall,Govern / Reference,Hardware Predictive PMBOK 8 Alignment Matrix,enterprise-programs/02-hardware-refresh/predictive/PMBOK8_ALIGNMENT.md,Completed scenario evidence,Program Manager,Yes,Public artifact register,Derived calculation,High,Generated from the repository source inventory
PUB-134,Enterprise hardware refresh — Predictive / Waterfall,Assure / Validate,Hardware Predictive Quality Management Plan,enterprise-programs/02-hardware-refresh/predictive/QUALITY_MANAGEMENT_PLAN.md,Completed scenario evidence,Program Manager,Yes,Public artifact register,Derived calculation,High,Generated from the repository source inventory
PUB-135,Enterprise hardware refresh — Predictive / Waterfall,Govern / Reference,Hardware Predictive Stage Gates and Change Control,enterprise-programs/02-hardware-refresh/predictive/STAGE_GATES_AND_CHANGE_CONTROL.md,Completed scenario evidence,Program Manager,Yes,Public artifact register,Derived calculation,High,Generated from the repository source inventory
PUB-136,Enterprise hardware refresh — Predictive / Waterfall,Govern / Reference,Wbs,enterprise-programs/02-hardware-refresh/predictive/WBS.csv,Completed scenario evidence,Program Manager,Yes,Public artifact register,Derived calculation,High,Generated from the repository source inventory
PUB-137,Enterprise hardware refresh — Scrum,Govern / Reference,Hardware Scrum Playbook Artifact Index,enterprise-programs/02-hardware-refresh/scrum/ARTIFACT_INDEX.md,Completed scenario evidence,Program Manager,Yes,Public artifact register,Derived calculation,High,Generated from the repository source inventory
PUB-138,Enterprise hardware refresh — Scrum,Govern / Reference,Hardware Scrum Definition of Done,enterprise-programs/02-hardware-refresh/scrum/DEFINITION_OF_DONE.md,Completed scenario evidence,Program Manager,Yes,Public artifact register,Derived calculation,High,Generated from the repository source inventory
PUB-139,Enterprise hardware refresh — Scrum,Execute / Deploy,Hardware Scrum Executive Status — Illustrative Checkpoint,enterprise-programs/02-hardware-refresh/scrum/EXECUTIVE_STATUS.md,Completed scenario evidence,Program Manager,Yes,Public artifact register,Derived calculation,High,Generated from the repository source inventory
PUB-140,Enterprise hardware refresh — Scrum,Govern / Reference,Enterprise Hardware Refresh — Scrum Playbook,enterprise-programs/02-hardware-refresh/scrum/PLAYBOOK.md,Completed scenario evidence,Program Manager,Yes,Public artifact register,Derived calculation,High,Generated from the repository source inventory
PUB-141,Enterprise hardware refresh — Scrum,Govern / Reference,Product Backlog,enterprise-programs/02-hardware-refresh/scrum/PRODUCT_BACKLOG.csv,Completed scenario evidence,Program Manager,Yes,Public artifact register,Derived calculation,High,Generated from the repository source inventory
PUB-142,Enterprise hardware refresh — Scrum,Govern / Reference,Scrum Metrics,enterprise-programs/02-hardware-refresh/scrum/SCRUM_METRICS.csv,Completed scenario evidence,Program Manager,Yes,Public artifact register,Derived calculation,High,Generated from the repository source inventory
PUB-143,Enterprise hardware refresh — Scrum,Govern / Reference,Sprint Plan,enterprise-programs/02-hardware-refresh/scrum/SPRINT_PLAN.csv,Completed scenario evidence,Program Manager,Yes,Public artifact register,Derived calculation,High,Generated from the repository source inventory
PUB-144,Enterprise hardware refresh — Shared controls,Govern / Reference,Hardware Refresh Application and User-Data Readiness Plan,enterprise-programs/02-hardware-refresh/common/APPLICATION_AND_DATA_READINESS.md,Completed scenario evidence,Program Manager,Yes,Public artifact register,Derived calculation,High,Generated from the repository source inventory
PUB-145,Enterprise hardware refresh — Shared controls,Govern / Reference,Application Readiness,enterprise-programs/02-hardware-refresh/common/APPLICATION_READINESS.csv,Completed scenario evidence,Program Manager,Yes,Public artifact register,Derived calculation,High,Generated from the repository source inventory
PUB-146,Enterprise hardware refresh — Shared controls,Close / Learn,"Hardware Refresh Asset Retirement, Reconciliation, and Closeout Plan",enterprise-programs/02-hardware-refresh/common/ASSET_RETIREMENT_AND_CLOSEOUT.md,Completed scenario evidence,Program Manager,Yes,Public artifact register,Derived calculation,High,Generated from the repository source inventory
PUB-147,Enterprise hardware refresh — Shared controls,Govern / Reference,"Hardware Refresh Assumptions, Evidence, and Experience Map",enterprise-programs/02-hardware-refresh/common/ASSUMPTIONS_AND_EXPERIENCE_MAP.md,Completed scenario evidence,Program Manager,Yes,Public artifact register,Derived calculation,High,Generated from the repository source inventory
PUB-148,Enterprise hardware refresh — Shared controls,Plan / Control,Budget,enterprise-programs/02-hardware-refresh/common/BUDGET.csv,Completed scenario evidence,Program Manager,Yes,Public artifact register,Derived calculation,High,Generated from the repository source inventory
PUB-149,Enterprise hardware refresh — Shared controls,Execute / Deploy,"Hardware Refresh Communications, Training, and Support Plan",enterprise-programs/02-hardware-refresh/common/COMMUNICATIONS_TRAINING_AND_SUPPORT.md,Completed scenario evidence,Program Manager,Yes,Public artifact register,Derived calculation,High,Generated from the repository source inventory
PUB-150,Enterprise hardware refresh — Shared controls,Execute / Deploy,"Hardware Refresh Deployment, Hypercare, and Service Transition Plan",enterprise-programs/02-hardware-refresh/common/DEPLOYMENT_HYPERCARE_AND_SERVICE_TRANSITION.md,Completed scenario evidence,Program Manager,Yes,Public artifact register,Derived calculation,High,Generated from the repository source inventory
PUB-151,Enterprise hardware refresh — Shared controls,Execute / Deploy,Deployment Waves,enterprise-programs/02-hardware-refresh/common/DEPLOYMENT_WAVES.csv,Completed scenario evidence,Program Manager,Yes,Public artifact register,Derived calculation,High,Generated from the repository source inventory
PUB-152,Enterprise hardware refresh — Shared controls,Govern / Reference,Hardware Refresh Device Build and Provisioning Standard,enterprise-programs/02-hardware-refresh/common/DEVICE_BUILD_AND_PROVISIONING_STANDARD.md,Completed scenario evidence,Program Manager,Yes,Public artifact register,Derived calculation,High,Generated from the repository source inventory
PUB-153,Enterprise hardware refresh — Shared controls,Govern / Reference,Exception Log,enterprise-programs/02-hardware-refresh/common/EXCEPTION_LOG.csv,Completed scenario evidence,Program Manager,Yes,Public artifact register,Derived calculation,High,Generated from the repository source inventory
PUB-154,Enterprise hardware refresh — Shared controls,Govern / Reference,"Hardware Refresh Governance, RACI, and Decision Rights",enterprise-programs/02-hardware-refresh/common/GOVERNANCE_AND_DECISION_RIGHTS.md,Completed scenario evidence,Program Manager,Yes,Public artifact register,Derived calculation,High,Generated from the repository source inventory
PUB-155,Enterprise hardware refresh — Shared controls,Govern / Reference,Inventory And Asset Reconciliation,enterprise-programs/02-hardware-refresh/common/INVENTORY_AND_ASSET_RECONCILIATION.csv,Completed scenario evidence,Program Manager,Yes,Public artifact register,Derived calculation,High,Generated from the repository source inventory
PUB-156,Enterprise hardware refresh — Shared controls,Govern / Reference,Enterprise Hardware Refresh Portfolio Guide,enterprise-programs/02-hardware-refresh/common/PORTFOLIO_GUIDE.md,Completed scenario evidence,Program Manager,Yes,Public artifact register,Derived calculation,High,Generated from the repository source inventory
PUB-157,Enterprise hardware refresh — Shared controls,Plan / Control,"Hardware Refresh Procurement, Staging, and Logistics Plan",enterprise-programs/02-hardware-refresh/common/PROCUREMENT_STAGING_AND_LOGISTICS.md,Completed scenario evidence,Program Manager,Yes,Public artifact register,Derived calculation,High,Generated from the repository source inventory
PUB-158,Enterprise hardware refresh — Shared controls,Initiate / Discover,Enterprise Hardware Refresh Project Charter,enterprise-programs/02-hardware-refresh/common/PROJECT_CHARTER.md,Completed scenario evidence,Program Manager,Yes,Public artifact register,Derived calculation,High,Generated from the repository source inventory
PUB-159,Enterprise hardware refresh — Shared controls,Plan / Control,Raci,enterprise-programs/02-hardware-refresh/common/RACI.csv,Completed scenario evidence,Program Manager,Yes,Public artifact register,Derived calculation,High,Generated from the repository source inventory
PUB-160,Enterprise hardware refresh — Shared controls,Plan / Control,Raid Register,enterprise-programs/02-hardware-refresh/common/RAID_REGISTER.csv,Completed scenario evidence,Program Manager,Yes,Public artifact register,Derived calculation,High,Generated from the repository source inventory
PUB-161,Enterprise hardware refresh — Shared controls,Govern / Reference,Sanitization Chain Of Custody,enterprise-programs/02-hardware-refresh/common/SANITIZATION_CHAIN_OF_CUSTODY.csv,Completed scenario evidence,Program Manager,Yes,Public artifact register,Derived calculation,High,Generated from the repository source inventory
PUB-162,Enterprise hardware refresh — Shared controls,Assure / Validate,"Hardware Refresh Security, Compliance, and Sanitization Plan",enterprise-programs/02-hardware-refresh/common/SECURITY_COMPLIANCE_AND_SANITIZATION.md,Completed scenario evidence,Program Manager,Yes,Public artifact register,Derived calculation,High,Generated from the repository source inventory
PUB-163,Enterprise hardware refresh — Shared controls,Govern / Reference,Source Register,enterprise-programs/02-hardware-refresh/common/SOURCE_REGISTER.csv,Completed scenario evidence,Program Manager,Yes,Public artifact register,Derived calculation,High,Generated from the repository source inventory
PUB-164,Enterprise hardware refresh — Shared controls,Govern / Reference,User Data Validation,enterprise-programs/02-hardware-refresh/common/USER_DATA_VALIDATION.csv,Completed scenario evidence,Program Manager,Yes,Public artifact register,Derived calculation,High,Generated from the repository source inventory
PUB-165,M&A IT integration — Agile,Govern / Reference,Agile Metrics,enterprise-programs/01-ma-it-integration/agile/AGILE_METRICS.csv,Completed scenario evidence,Program Manager,Yes,Public artifact register,Derived calculation,High,Generated from the repository source inventory
PUB-166,M&A IT integration — Agile,Govern / Reference,M&A Agile Playbook Artifact Index,enterprise-programs/01-ma-it-integration/agile/ARTIFACT_INDEX.md,Completed scenario evidence,Program Manager,Yes,Public artifact register,Derived calculation,High,Generated from the repository source inventory
PUB-167,M&A IT integration — Agile,Govern / Reference,M&A Agile Definition of Ready and Definition of Done,enterprise-programs/01-ma-it-integration/agile/DEFINITION_OF_READY_DONE.md,Completed scenario evidence,Program Manager,Yes,Public artifact register,Derived calculation,High,Generated from the repository source inventory
PUB-168,M&A IT integration — Agile,Execute / Deploy,M&A Agile Executive Status — Illustrative Checkpoint,enterprise-programs/01-ma-it-integration/agile/EXECUTIVE_STATUS.md,Completed scenario evidence,Program Manager,Yes,Public artifact register,Derived calculation,High,Generated from the repository source inventory
PUB-169,M&A IT integration — Agile,Plan / Design,Outcome Roadmap,enterprise-programs/01-ma-it-integration/agile/OUTCOME_ROADMAP.csv,Completed scenario evidence,Program Manager,Yes,Public artifact register,Derived calculation,High,Generated from the repository source inventory
PUB-170,M&A IT integration — Agile,Govern / Reference,M&A IT Integration — Agile Delivery Playbook,enterprise-programs/01-ma-it-integration/agile/PLAYBOOK.md,Completed scenario evidence,Program Manager,Yes,Public artifact register,Derived calculation,High,Generated from the repository source inventory
PUB-171,M&A IT integration — Agile,Govern / Reference,Product Backlog,enterprise-programs/01-ma-it-integration/agile/PRODUCT_BACKLOG.csv,Completed scenario evidence,Program Manager,Yes,Public artifact register,Derived calculation,High,Generated from the repository source inventory
PUB-172,M&A IT integration — Agile,Govern / Reference,Sprint Plan,enterprise-programs/01-ma-it-integration/agile/SPRINT_PLAN.csv,Completed scenario evidence,Program Manager,Yes,Public artifact register,Derived calculation,High,Generated from the repository source inventory
PUB-173,M&A IT integration — Agile,Govern / Reference,M&A Agile Working Agreement and Ceremonies,enterprise-programs/01-ma-it-integration/agile/WORKING_AGREEMENT_AND_CEREMONIES.md,Completed scenario evidence,Program Manager,Yes,Public artifact register,Derived calculation,High,Generated from the repository source inventory
PUB-174,M&A IT integration — Predictive / Waterfall,Govern / Reference,M&A Predictive Playbook Artifact Index,enterprise-programs/01-ma-it-integration/predictive/ARTIFACT_INDEX.md,Completed scenario evidence,Program Manager,Yes,Public artifact register,Derived calculation,High,Generated from the repository source inventory
PUB-175,M&A IT integration — Predictive / Waterfall,Govern / Reference,Earned Value,enterprise-programs/01-ma-it-integration/predictive/EARNED_VALUE.csv,Completed scenario evidence,Program Manager,Yes,Public artifact register,Derived calculation,High,Generated from the repository source inventory
PUB-176,M&A IT integration — Predictive / Waterfall,Execute / Deploy,M&A Predictive Executive Status — Illustrative Checkpoint,enterprise-programs/01-ma-it-integration/predictive/EXECUTIVE_STATUS.md,Completed scenario evidence,Program Manager,Yes,Public artifact register,Derived calculation,High,Generated from the repository source inventory
PUB-177,M&A IT integration — Predictive / Waterfall,Plan / Control,Integrated Master Schedule,enterprise-programs/01-ma-it-integration/predictive/INTEGRATED_MASTER_SCHEDULE.csv,Completed scenario evidence,Program Manager,Yes,Public artifact register,Derived calculation,High,Generated from the repository source inventory
PUB-178,M&A IT integration — Predictive / Waterfall,Govern / Reference,M&A IT Integration — Predictive / Waterfall Playbook,enterprise-programs/01-ma-it-integration/predictive/PLAYBOOK.md,Completed scenario evidence,Program Manager,Yes,Public artifact register,Derived calculation,High,Generated from the repository source inventory
PUB-179,M&A IT integration — Predictive / Waterfall,Govern / Reference,M&A Predictive PMBOK 8 Alignment Matrix,enterprise-programs/01-ma-it-integration/predictive/PMBOK8_ALIGNMENT.md,Completed scenario evidence,Program Manager,Yes,Public artifact register,Derived calculation,High,Generated from the repository source inventory
PUB-180,M&A IT integration — Predictive / Waterfall,Assure / Validate,M&A Predictive Quality Management Plan,enterprise-programs/01-ma-it-integration/predictive/QUALITY_MANAGEMENT_PLAN.md,Completed scenario evidence,Program Manager,Yes,Public artifact register,Derived calculation,High,Generated from the repository source inventory
PUB-181,M&A IT integration — Predictive / Waterfall,Govern / Reference,M&A Predictive Stage Gates and Integrated Change Control,enterprise-programs/01-ma-it-integration/predictive/STAGE_GATES_AND_CHANGE_CONTROL.md,Completed scenario evidence,Program Manager,Yes,Public artifact register,Derived calculation,High,Generated from the repository source inventory
PUB-182,M&A IT integration — Predictive / Waterfall,Govern / Reference,Wbs,enterprise-programs/01-ma-it-integration/predictive/WBS.csv,Completed scenario evidence,Program Manager,Yes,Public artifact register,Derived calculation,High,Generated from the repository source inventory
PUB-183,M&A IT integration — Shared controls,Govern / Reference,Application Portfolio,enterprise-programs/01-ma-it-integration/common/APPLICATION_PORTFOLIO.csv,Completed scenario evidence,Program Manager,Yes,Public artifact register,Derived calculation,High,Generated from the repository source inventory
PUB-184,M&A IT integration — Shared controls,Govern / Reference,M&A Application Rationalization and Data Consolidation Plan,enterprise-programs/01-ma-it-integration/common/APPLICATION_RATIONALIZATION_AND_DATA_PLAN.md,Completed scenario evidence,Program Manager,Yes,Public artifact register,Derived calculation,High,Generated from the repository source inventory
PUB-185,M&A IT integration — Shared controls,Govern / Reference,"M&A Assumptions, Evidence, and Experience Map",enterprise-programs/01-ma-it-integration/common/ASSUMPTIONS_AND_EXPERIENCE_MAP.md,Completed scenario evidence,Program Manager,Yes,Public artifact register,Derived calculation,High,Generated from the repository source inventory
PUB-186,M&A IT integration — Shared controls,Plan / Control,Budget,enterprise-programs/01-ma-it-integration/common/BUDGET.csv,Completed scenario evidence,Program Manager,Yes,Public artifact register,Derived calculation,High,Generated from the repository source inventory
PUB-187,M&A IT integration — Shared controls,Execute / Deploy,"M&A Change, Communications, Training, and Support Plan",enterprise-programs/01-ma-it-integration/common/CHANGE_COMMUNICATIONS_AND_TRAINING.md,Completed scenario evidence,Program Manager,Yes,Public artifact register,Derived calculation,High,Generated from the repository source inventory
PUB-188,M&A IT integration — Shared controls,Govern / Reference,M&A Collaboration and Workspace Migration Plan,enterprise-programs/01-ma-it-integration/common/COLLABORATION_MIGRATION_PLAN.md,Completed scenario evidence,Program Manager,Yes,Public artifact register,Derived calculation,High,Generated from the repository source inventory
PUB-189,M&A IT integration — Shared controls,Govern / Reference,"M&A Integrated Cutover, Rollback, and Hypercare Runbook",enterprise-programs/01-ma-it-integration/common/CUTOVER_ROLLBACK_HYPERCARE.md,Completed scenario evidence,Program Manager,Yes,Public artifact register,Derived calculation,High,Generated from the repository source inventory
PUB-190,M&A IT integration — Shared controls,Govern / Reference,Day1 Readiness,enterprise-programs/01-ma-it-integration/common/DAY1_READINESS.csv,Completed scenario evidence,Program Manager,Yes,Public artifact register,Derived calculation,High,Generated from the repository source inventory
PUB-191,M&A IT integration — Shared controls,Govern / Reference,M&A Day 1 Employee Experience Plan,enterprise-programs/01-ma-it-integration/common/DAY_1_EMPLOYEE_EXPERIENCE_PLAN.md,Completed scenario evidence,Program Manager,Yes,Public artifact register,Derived calculation,High,Generated from the repository source inventory
PUB-192,M&A IT integration — Shared controls,Govern / Reference,Dependency Matrix,enterprise-programs/01-ma-it-integration/common/DEPENDENCY_MATRIX.csv,Completed scenario evidence,Program Manager,Yes,Public artifact register,Derived calculation,High,Generated from the repository source inventory
PUB-193,M&A IT integration — Shared controls,Govern / Reference,"M&A Governance, RACI, and Decision Rights",enterprise-programs/01-ma-it-integration/common/GOVERNANCE_AND_DECISION_RIGHTS.md,Completed scenario evidence,Program Manager,Yes,Public artifact register,Derived calculation,High,Generated from the repository source inventory
PUB-194,M&A IT integration — Shared controls,Govern / Reference,M&A Identity and Access Integration Plan,enterprise-programs/01-ma-it-integration/common/IDENTITY_AND_ACCESS_PLAN.md,Completed scenario evidence,Program Manager,Yes,Public artifact register,Derived calculation,High,Generated from the repository source inventory
PUB-195,M&A IT integration — Shared controls,Govern / Reference,Migration Validation,enterprise-programs/01-ma-it-integration/common/MIGRATION_VALIDATION.csv,Completed scenario evidence,Program Manager,Yes,Public artifact register,Derived calculation,High,Generated from the repository source inventory
PUB-196,M&A IT integration — Shared controls,Govern / Reference,M&A Network and Infrastructure Integration Plan,enterprise-programs/01-ma-it-integration/common/NETWORK_INFRASTRUCTURE_PLAN.md,Completed scenario evidence,Program Manager,Yes,Public artifact register,Derived calculation,High,Generated from the repository source inventory
PUB-197,M&A IT integration — Shared controls,Govern / Reference,M&A IT Integration Portfolio Guide,enterprise-programs/01-ma-it-integration/common/PORTFOLIO_GUIDE.md,Completed scenario evidence,Program Manager,Yes,Public artifact register,Derived calculation,High,Generated from the repository source inventory
PUB-198,M&A IT integration — Shared controls,Initiate / Discover,M&A IT Integration Project Charter,enterprise-programs/01-ma-it-integration/common/PROJECT_CHARTER.md,Completed scenario evidence,Program Manager,Yes,Public artifact register,Derived calculation,High,Generated from the repository source inventory
PUB-199,M&A IT integration — Shared controls,Plan / Control,Raci,enterprise-programs/01-ma-it-integration/common/RACI.csv,Completed scenario evidence,Program Manager,Yes,Public artifact register,Derived calculation,High,Generated from the repository source inventory
PUB-200,M&A IT integration — Shared controls,Plan / Control,Raid Register,enterprise-programs/01-ma-it-integration/common/RAID_REGISTER.csv,Completed scenario evidence,Program Manager,Yes,Public artifact register,Derived calculation,High,Generated from the repository source inventory
PUB-201,M&A IT integration — Shared controls,Assure / Validate,"M&A Security, Privacy, and Legal-Hold Control Plan",enterprise-programs/01-ma-it-integration/common/SECURITY_PRIVACY_AND_LEGAL_HOLD.md,Completed scenario evidence,Program Manager,Yes,Public artifact register,Derived calculation,High,Generated from the repository source inventory
PUB-202,M&A IT integration — Shared controls,Govern / Reference,Source Register,enterprise-programs/01-ma-it-integration/common/SOURCE_REGISTER.csv,Completed scenario evidence,Program Manager,Yes,Public artifact register,Derived calculation,High,Generated from the repository source inventory
PUB-203,M&A IT integration — Shared controls,Plan / Control,"M&A Vendor, Procurement, Contract, and Budget Plan",enterprise-programs/01-ma-it-integration/common/VENDOR_PROCUREMENT_AND_BUDGET.md,Completed scenario evidence,Program Manager,Yes,Public artifact register,Derived calculation,High,Generated from the repository source inventory
PUB-204,Portfolio controls,Close / Learn,Benefits Realization and Project Closeout,governance/BENEFITS_AND_CLOSEOUT.md,Completed scenario evidence,Program Manager,Yes,Public artifact register,Derived calculation,High,Generated from the repository source inventory
PUB-205,Portfolio controls,Govern / Reference,Change and Configuration Control,governance/CHANGE_CONFIGURATION_CONTROL.md,Completed scenario evidence,Program Manager,Yes,Public artifact register,Derived calculation,High,Generated from the repository source inventory
PUB-206,Portfolio controls,Execute / Deploy,Communications and Meeting Plan,governance/COMMUNICATIONS_AND_MEETING_PLAN.md,Completed scenario evidence,Program Manager,Yes,Public artifact register,Derived calculation,High,Generated from the repository source inventory
PUB-207,Portfolio controls,Assure / Validate,Cybersecurity and Data Governance,governance/CYBERSECURITY_DATA_GOVERNANCE.md,Completed scenario evidence,Program Manager,Yes,Public artifact register,Derived calculation,High,Generated from the repository source inventory
PUB-208,Portfolio controls,Govern / Reference,Financial Evidence Classification and Number Confidence,governance/FINANCIAL_EVIDENCE_CLASSIFICATION.md,Completed scenario evidence,Program Manager,Yes,Public artifact register,Derived calculation,High,Generated from the repository source inventory
PUB-209,Portfolio controls,Govern / Reference,Number Assurance and Evidence Rules,governance/NUMBER_ASSURANCE_AND_EVIDENCE_RULES.md,Completed scenario evidence,Program Manager,Yes,Public artifact register,Derived calculation,High,Generated from the repository source inventory
PUB-210,Portfolio controls,Plan / Control,Procurement and Vendor Management,governance/PROCUREMENT_VENDOR_MANAGEMENT.md,Completed scenario evidence,Program Manager,Yes,Public artifact register,Derived calculation,High,Generated from the repository source inventory
PUB-211,Portfolio controls,Govern / Reference,Robotics Program Management Plan,governance/PROGRAM_MANAGEMENT_PLAN.md,Completed scenario evidence,Program Manager,Yes,Public artifact register,Derived calculation,High,Generated from the repository source inventory
PUB-212,Portfolio controls,Assure / Validate,Quality Management Plan,governance/QUALITY_MANAGEMENT_PLAN.md,Completed scenario evidence,Program Manager,Yes,Public artifact register,Derived calculation,High,Generated from the repository source inventory
PUB-213,Portfolio controls,Govern / Reference,Robotics Program Governance Library,governance/README.md,Completed scenario evidence,Program Manager,Yes,Public artifact register,Derived calculation,High,Generated from the repository source inventory
PUB-214,Portfolio controls,Plan / Control,Resource and Capacity Plan,governance/RESOURCE_AND_CAPACITY_PLAN.md,Completed scenario evidence,Program Manager,Yes,Public artifact register,Derived calculation,High,Generated from the repository source inventory
PUB-215,Portfolio controls,Execute / Deploy,"Training, Change, and Adoption Plan",governance/TRAINING_CHANGE_ADOPTION.md,Completed scenario evidence,Program Manager,Yes,Public artifact register,Derived calculation,High,Generated from the repository source inventory
PUB-216,Portfolio controls,Govern / Reference,AI-Assisted Robotics PM Workflow Playbook,pm-operating-system/ai/AI_WORKFLOW_PLAYBOOK.md,Completed scenario evidence,Program Manager,Yes,Public artifact register,Derived calculation,High,Generated from the repository source inventory
PUB-217,Portfolio controls,Close / Learn,Benefits Register,pm-operating-system/csv/BENEFITS_REGISTER.csv,Completed scenario evidence,Program Manager,Yes,Public artifact register,Derived calculation,High,Generated from the repository source inventory
PUB-218,Portfolio controls,Plan / Control,Budget Tco,pm-operating-system/csv/BUDGET_TCO.csv,Completed scenario evidence,Program Manager,Yes,Public artifact register,Derived calculation,High,Generated from the repository source inventory
PUB-219,Portfolio controls,Govern / Reference,Evidence Register,pm-operating-system/csv/EVIDENCE_REGISTER.csv,Completed scenario evidence,Program Manager,Yes,Public artifact register,Derived calculation,High,Generated from the repository source inventory
PUB-220,Portfolio controls,Plan / Control,Integrated Master Schedule,pm-operating-system/csv/INTEGRATED_MASTER_SCHEDULE.csv,Completed scenario evidence,Program Manager,Yes,Public artifact register,Derived calculation,High,Generated from the repository source inventory
PUB-221,Portfolio controls,Plan / Control,Raid Register,pm-operating-system/csv/RAID_REGISTER.csv,Completed scenario evidence,Program Manager,Yes,Public artifact register,Derived calculation,High,Generated from the repository source inventory
PUB-222,Portfolio controls,Plan / Design,Requirements Traceability,pm-operating-system/csv/REQUIREMENTS_TRACEABILITY.csv,Completed scenario evidence,Program Manager,Yes,Public artifact register,Derived calculation,High,Generated from the repository source inventory
PUB-223,Portfolio controls,Govern / Reference,Reusable Robotics Program Management Operating System,pm-operating-system/README.md,Completed scenario evidence,Program Manager,Yes,Public artifact register,Derived calculation,High,Generated from the repository source inventory
PUB-224,Portfolio controls,Govern / Reference,Portfolio purpose,portfolio/EXECUTIVE_PORTFOLIO.md,Completed scenario evidence,Program Manager,Yes,Public artifact register,Derived calculation,High,Generated from the repository source inventory
PUB-225,Portfolio controls,Govern / Reference,Claude Independent QC Prompt,quality-control/claude/CLAUDE_QC_PROMPT.md,Completed scenario evidence,Program Manager,Yes,Public artifact register,Derived calculation,High,Generated from the repository source inventory
PUB-226,Portfolio controls,Govern / Reference,Evidence and Confidence Standard,quality-control/common/EVIDENCE_LABEL_STANDARD.md,Completed scenario evidence,Program Manager,Yes,Public artifact register,Derived calculation,High,Generated from the repository source inventory
PUB-227,Portfolio controls,Govern / Reference,Qc Checklist,quality-control/common/QC_CHECKLIST.csv,Completed scenario evidence,Program Manager,Yes,Public artifact register,Derived calculation,High,Generated from the repository source inventory
PUB-228,Portfolio controls,Govern / Reference,Grok Source-Verification and QC Prompt,quality-control/grok/GROK_QC_PROMPT.md,Completed scenario evidence,Program Manager,Yes,Public artifact register,Derived calculation,High,Generated from the repository source inventory
PUB-229,Portfolio controls,Govern / Reference,MuJoCo Demo - Open-Source Quadruped RaaS Validation Cell,simulations/open_quadruped_raas/README.md,Completed scenario evidence,Program Manager,Yes,Public artifact register,Derived calculation,High,Generated from the repository source inventory
PUB-230,Portfolio controls,Govern / Reference,Quadruped Night-Security Operations Demo,simulations/quadruped_security/README.md,Completed scenario evidence,Program Manager,Yes,Public artifact register,Derived calculation,High,Generated from the repository source inventory
PUB-231,Portfolio controls,Govern / Reference,MuJoCo Operations Demonstrations,simulations/README.md,Completed scenario evidence,Program Manager,Yes,Public artifact register,Derived calculation,High,Generated from the repository source inventory
PUB-232,Portfolio controls,Govern / Reference,Public Restroom Humanoid Cleaning — MuJoCo Capability Demo v4.4,simulations/restroom_cleaning/README.md,Completed scenario evidence,Program Manager,Yes,Public artifact register,Derived calculation,High,Generated from the repository source inventory
PUB-233,Portfolio controls,Govern / Reference,MuJoCo Demo — Retail Backroom Inbound and Fulfillment,simulations/retail_humanoids/README.md,Completed scenario evidence,Program Manager,Yes,Public artifact register,Derived calculation,High,Generated from the repository source inventory
PUB-234,Portfolio controls,Govern / Reference,Retail Backroom Inbound Receiving — MuJoCo Story Segment,simulations/retail_inbound/README.md,Completed scenario evidence,Program Manager,Yes,Public artifact register,Derived calculation,High,Generated from the repository source inventory
PUB-235,Portfolio controls,Plan / Design,Robotics Support Reference Architecture,tools/REFERENCE_ARCHITECTURE.md,Completed scenario evidence,Program Manager,Yes,Public artifact register,Derived calculation,High,Generated from the repository source inventory
PUB-236,Portfolio controls,Govern / Reference,Research Sources,tools/RESEARCH_SOURCES.md,Completed scenario evidence,Program Manager,Yes,Public artifact register,Derived calculation,High,Generated from the repository source inventory
PUB-237,Portfolio controls,Govern / Reference,Support Operations Workflow Lab - Data Only,tools/support-operations-lab/README.md,Completed scenario evidence,Program Manager,Yes,Public artifact register,Derived calculation,High,Generated from the repository source inventory
PUB-238,Portfolio controls,Govern / Reference,Sample Robot Events,tools/support-operations-lab/sample_robot_events.csv,Completed scenario evidence,Program Manager,Yes,Public artifact register,Derived calculation,High,Generated from the repository source inventory
PUB-239,Portfolio controls,Govern / Reference,Robotics Support and Troubleshooting Tool Comparison,tools/TOOL_COMPARISON.md,Completed scenario evidence,Program Manager,Yes,Public artifact register,Derived calculation,High,Generated from the repository source inventory
